,,,,,,,,,,,,,,,,,,,,,,,,,,,,
 , , ,Variation Margin, 
Index/Tranches, ,FixedReceive Rate, , ,MaturityDate, , ,NotionalAmount (3), ,  ,MarketValue (4), , ,UnrealizedAppreciation, , ,Asset, , ,Liability, 
 CDX.HY-26 5-Year Index, , ,5.000,% , , ,06/20/2021, , ,$,"2,700", ,  ,$,193, , ,$,86, , ,$,2, , ,$,0, 
 CDX.HY-27 5-Year Index, , ,5.000, , , ,12/20/2021, , , ,"1,700", ,  , ,108, , , ,13, , , ,2, , , ,0, 
 CDX.IG-25 5-Year Index, , ,1.000, , , ,12/20/2020, , , ,"8,600", ,  , ,144, , , ,53, , , ,3, , , ,0, 
 CDX.IG-26 5-Year Index, , ,1.000, , , ,06/20/2021, , , ,"2,800", ,  , ,48, , , ,16, , , ,1, , , ,0, 
 CDX.IG-27 5-Year Index, , ,1.000, , , ,12/20/2021, , , ,"  4,500", ,  , ,70, , , ,23, , , ,1, , , ,0, 
, ,,,, ,,,, ,,,,  ,  ,  , , ,  ,  , , ,  ,  , , ,  ,  , 
, ,,,, ,,,, ,,,,  ,$,  563, , ,$,  191, , ,$,  9, , ,$,  0, 
, ,,,, ,,,, ,,,,  ,  ,  , , ,  ,  , , ,  ,  , , ,  ,  , 
